Container,CPU%,Memory,NetIO,BlockIO
[Hgateway,0.00%,2.996MiB / 9.706GiB,47kB / 44.9kB,0B / 8.19kB[K
user-service,0.02%,30.02MiB / 9.706GiB,40.3kB / 4.74kB,0B / 0B[K
auth-service,0.02%,30.01MiB / 9.706GiB,4.21kB / 5.01kB,0B / 0B[K
[K
[J[Hgateway,0.00%,2.996MiB / 9.706GiB,47kB / 44.9kB,0B / 8.19kB[K
user-service,0.02%,30.02MiB / 9.706GiB,40.3kB / 4.74kB,0B / 0B[K
auth-service,0.02%,30.01MiB / 9.706GiB,4.21kB / 5.01kB,0B / 0B[K
[K
[J[Hgateway,0.00%,2.996MiB / 9.706GiB,47.1kB / 44.9kB,0B / 8.19kB[K
user-service,0.26%,30.02MiB / 9.706GiB,40.4kB / 4.81kB,0B / 0B[K
auth-service,0.26%,30MiB / 9.706GiB,4.28kB / 5.01kB,0B / 0B[K
[K
[J[Hgateway,0.00%,2.996MiB / 9.706GiB,47.1kB / 44.9kB,0B / 8.19kB[K
user-service,0.26%,30.02MiB / 9.706GiB,40.4kB / 4.81kB,0B / 0B[K
auth-service,0.26%,30MiB / 9.706GiB,4.28kB / 5.01kB,0B / 0B[K
[K
[J[Hgateway,0.00%,2.996MiB / 9.706GiB,47.1kB / 44.9kB,0B / 8.19kB[K
user-service,0.25%,30.02MiB / 9.706GiB,40.4kB / 4.81kB,0B / 0B[K
auth-service,0.26%,30MiB / 9.706GiB,4.28kB / 5.01kB,0B / 0B[K
[K
[J[Hgateway,0.00%,2.996MiB / 9.706GiB,47.1kB / 44.9kB,0B / 8.19kB[K
user-service,0.25%,30.02MiB / 9.706GiB,40.4kB / 4.81kB,0B / 0B[K
auth-service,0.26%,30MiB / 9.706GiB,4.28kB / 5.01kB,0B / 0B[K
[K
[J[Hgateway,0.00%,2.996MiB / 9.706GiB,47.1kB / 44.9kB,0B / 8.19kB[K
user-service,0.24%,30.02MiB / 9.706GiB,40.4kB / 4.81kB,0B / 0B[K
auth-service,0.31%,30MiB / 9.706GiB,4.28kB / 5.01kB,0B / 0B[K
[K
[J[Hgateway,0.00%,2.996MiB / 9.706GiB,47.1kB / 44.9kB,0B / 8.19kB[K
user-service,0.24%,30.02MiB / 9.706GiB,40.4kB / 4.81kB,0B / 0B[K
auth-service,0.31%,30MiB / 9.706GiB,4.28kB / 5.01kB,0B / 0B[K
[K
[J[Hgateway,0.00%,2.996MiB / 9.706GiB,47.1kB / 44.9kB,0B / 8.19kB[K
user-service,0.28%,30.02MiB / 9.706GiB,40.4kB / 4.81kB,0B / 0B[K
auth-service,0.28%,30MiB / 9.706GiB,4.28kB / 5.01kB,0B / 0B[K
[K
[J[Hgateway,0.00%,2.996MiB / 9.706GiB,47.1kB / 44.9kB,0B / 8.19kB[K
user-service,0.28%,30.02MiB / 9.706GiB,40.4kB / 4.81kB,0B / 0B[K
auth-service,0.28%,30MiB / 9.706GiB,4.28kB / 5.01kB,0B / 0B[K
[K
[J[Hgateway,0.03%,3.238MiB / 9.706GiB,47.4kB / 45kB,0B / 8.19kB[K
user-service,0.26%,30.02MiB / 9.706GiB,40.5kB / 4.99kB,0B / 0B[K
auth-service,0.35%,30MiB / 9.706GiB,4.38kB / 5.18kB,0B / 0B[K
[K
[J[Hgateway,0.03%,3.238MiB / 9.706GiB,47.4kB / 45kB,0B / 8.19kB[K
user-service,0.26%,30.02MiB / 9.706GiB,40.5kB / 4.99kB,0B / 0B[K
auth-service,0.35%,30MiB / 9.706GiB,4.38kB / 5.18kB,0B / 0B[K
[K
[J[Hgateway,0.00%,2.992MiB / 9.706GiB,47.4kB / 45kB,0B / 8.19kB[K
user-service,0.25%,30.02MiB / 9.706GiB,40.5kB / 4.99kB,0B / 0B[K
auth-service,0.25%,30MiB / 9.706GiB,4.38kB / 5.18kB,0B / 0B[K
[K
[J[Hgateway,0.00%,2.992MiB / 9.706GiB,47.4kB / 45kB,0B / 8.19kB[K
user-service,0.25%,30.02MiB / 9.706GiB,40.5kB / 4.99kB,0B / 0B[K
auth-service,0.25%,30MiB / 9.706GiB,4.38kB / 5.18kB,0B / 0B[K
[K
[J[Hgateway,0.00%,2.992MiB / 9.706GiB,47.4kB / 45kB,0B / 8.19kB[K
user-service,0.27%,30.02MiB / 9.706GiB,40.5kB / 4.99kB,0B / 0B[K
auth-service,0.23%,30MiB / 9.706GiB,4.38kB / 5.18kB,0B / 0B[K
[K
[J[Hgateway,0.00%,2.992MiB / 9.706GiB,47.4kB / 45kB,0B / 8.19kB[K
user-service,0.27%,30.02MiB / 9.706GiB,40.5kB / 4.99kB,0B / 0B[K
auth-service,0.23%,30MiB / 9.706GiB,4.38kB / 5.18kB,0B / 0B[K
[K
[J[Hgateway,0.00%,2.992MiB / 9.706GiB,47.4kB / 45kB,0B / 8.19kB[K
user-service,0.23%,30.02MiB / 9.706GiB,40.5kB / 4.99kB,0B / 0B[K
auth-service,0.24%,30MiB / 9.706GiB,4.45kB / 5.18kB,0B / 0B[K
[K
[J[Hgateway,0.00%,2.992MiB / 9.706GiB,47.4kB / 45kB,0B / 8.19kB[K
user-service,0.23%,30.02MiB / 9.706GiB,40.5kB / 4.99kB,0B / 0B[K
auth-service,0.24%,30MiB / 9.706GiB,4.45kB / 5.18kB,0B / 0B[K
[K
[J[Hgateway,0.00%,2.992MiB / 9.706GiB,47.7kB / 45.1kB,0B / 8.19kB[K
user-service,0.22%,30.02MiB / 9.706GiB,40.8kB / 5.06kB,0B / 213kB[K
auth-service,0.27%,30MiB / 9.706GiB,4.66kB / 5.25kB,0B / 213kB[K
[K
[J[Hgateway,0.00%,2.992MiB / 9.706GiB,47.7kB / 45.1kB,0B / 8.19kB[K
user-service,0.22%,30.02MiB / 9.706GiB,40.8kB / 5.06kB,0B / 213kB[K
auth-service,0.27%,30MiB / 9.706GiB,4.66kB / 5.25kB,0B / 213kB[K
[K
[J[Hgateway,0.00%,2.992MiB / 9.706GiB,47.7kB / 45.1kB,0B / 12.3kB[K
user-service,0.24%,30.02MiB / 9.706GiB,40.8kB / 5.06kB,0B / 213kB[K
auth-service,0.28%,30MiB / 9.706GiB,4.66kB / 5.25kB,0B / 213kB[K
[K
[J[Hgateway,0.00%,2.992MiB / 9.706GiB,47.7kB / 45.1kB,0B / 12.3kB[K
user-service,0.24%,30.02MiB / 9.706GiB,40.8kB / 5.06kB,0B / 213kB[K
auth-service,0.28%,30MiB / 9.706GiB,4.66kB / 5.25kB,0B / 213kB[K
[K
[J[Hgateway,0.00%,2.746MiB / 9.706GiB,47.7kB / 45.1kB,0B / 12.3kB[K
user-service,0.24%,30.02MiB / 9.706GiB,40.8kB / 5.06kB,0B / 213kB[K
auth-service,0.25%,30MiB / 9.706GiB,4.66kB / 5.25kB,0B / 213kB[K
[K
[J[Hgateway,0.00%,2.746MiB / 9.706GiB,47.7kB / 45.1kB,0B / 12.3kB[K
user-service,0.24%,30.02MiB / 9.706GiB,40.8kB / 5.06kB,0B / 213kB[K
auth-service,0.25%,30MiB / 9.706GiB,4.66kB / 5.25kB,0B / 213kB[K
[K
[J[Hgateway,0.00%,2.746MiB / 9.706GiB,47.7kB / 45.1kB,0B / 12.3kB[K
user-service,0.25%,30.02MiB / 9.706GiB,40.8kB / 5.06kB,0B / 213kB[K
auth-service,0.26%,30MiB / 9.706GiB,4.66kB / 5.25kB,0B / 213kB[K
[K
[J[Hgateway,0.00%,2.746MiB / 9.706GiB,47.7kB / 45.1kB,0B / 12.3kB[K
user-service,0.25%,30.02MiB / 9.706GiB,40.8kB / 5.06kB,0B / 213kB[K
auth-service,0.26%,30MiB / 9.706GiB,4.66kB / 5.25kB,0B / 213kB[K
[K
[J[Hgateway,0.00%,2.746MiB / 9.706GiB,47.7kB / 45.1kB,0B / 12.3kB[K
user-service,0.21%,30.02MiB / 9.706GiB,40.8kB / 5.06kB,0B / 213kB[K
auth-service,0.24%,30MiB / 9.706GiB,4.66kB / 5.25kB,0B / 213kB[K
[K
[J[Hgateway,0.00%,2.746MiB / 9.706GiB,47.7kB / 45.1kB,0B / 12.3kB[K
user-service,0.21%,30.02MiB / 9.706GiB,40.8kB / 5.06kB,0B / 213kB[K
auth-service,0.24%,30MiB / 9.706GiB,4.66kB / 5.25kB,0B / 213kB[K
[K
[J[Hgateway,0.00%,2.746MiB / 9.706GiB,47.7kB / 45.1kB,0B / 12.3kB[K
user-service,0.23%,30.02MiB / 9.706GiB,40.8kB / 5.06kB,0B / 213kB[K
auth-service,0.30%,30MiB / 9.706GiB,4.66kB / 5.25kB,0B / 213kB[K
[K
[J[Hgateway,0.00%,2.746MiB / 9.706GiB,47.7kB / 45.1kB,0B / 12.3kB[K
user-service,0.23%,30.02MiB / 9.706GiB,40.8kB / 5.06kB,0B / 213kB[K
auth-service,0.30%,30MiB / 9.706GiB,4.66kB / 5.25kB,0B / 213kB[K
[K
[J[Hgateway,0.00%,2.746MiB / 9.706GiB,47.8kB / 45.2kB,0B / 12.3kB[K
user-service,0.27%,30.02MiB / 9.706GiB,40.8kB / 5.06kB,0B / 213kB[K
auth-service,0.27%,30MiB / 9.706GiB,4.66kB / 5.25kB,0B / 213kB[K
[K
[J[Hgateway,0.00%,2.746MiB / 9.706GiB,47.8kB / 45.2kB,0B / 12.3kB[K
user-service,0.27%,30.02MiB / 9.706GiB,40.8kB / 5.06kB,0B / 213kB[K
auth-service,0.27%,30MiB / 9.706GiB,4.66kB / 5.25kB,0B / 213kB[K
[K
[J[Hgateway,0.00%,2.746MiB / 9.706GiB,47.8kB / 45.2kB,0B / 12.3kB[K
user-service,0.22%,30.02MiB / 9.706GiB,40.8kB / 5.06kB,0B / 213kB[K
auth-service,0.26%,30MiB / 9.706GiB,4.66kB / 5.25kB,0B / 213kB[K
[K
[J[Hgateway,0.00%,2.746MiB / 9.706GiB,47.8kB / 45.2kB,0B / 12.3kB[K
user-service,0.22%,30.02MiB / 9.706GiB,40.8kB / 5.06kB,0B / 213kB[K
auth-service,0.26%,30MiB / 9.706GiB,4.66kB / 5.25kB,0B / 213kB[K
[K
[J[Hgateway,0.00%,2.746MiB / 9.706GiB,47.8kB / 45.2kB,0B / 12.3kB[K
user-service,0.23%,30.02MiB / 9.706GiB,40.8kB / 5.06kB,0B / 213kB[K
auth-service,0.25%,30MiB / 9.706GiB,4.66kB / 5.25kB,0B / 213kB[K
[K
[J[Hgateway,0.00%,2.746MiB / 9.706GiB,47.8kB / 45.2kB,0B / 12.3kB[K
user-service,0.23%,30.02MiB / 9.706GiB,40.8kB / 5.06kB,0B / 213kB[K
auth-service,0.25%,30MiB / 9.706GiB,4.66kB / 5.25kB,0B / 213kB[K
[K
[J[Hgateway,0.00%,2.746MiB / 9.706GiB,47.8kB / 45.2kB,0B / 12.3kB[K
user-service,0.22%,30.02MiB / 9.706GiB,40.8kB / 5.06kB,0B / 213kB[K
auth-service,0.25%,30MiB / 9.706GiB,4.66kB / 5.25kB,0B / 213kB[K
[K
[J[Hgateway,0.00%,2.746MiB / 9.706GiB,47.8kB / 45.2kB,0B / 12.3kB[K
user-service,0.22%,30.02MiB / 9.706GiB,40.8kB / 5.06kB,0B / 213kB[K
auth-service,0.25%,30MiB / 9.706GiB,4.66kB / 5.25kB,0B / 213kB[K
[K
[J[Hgateway,0.00%,2.746MiB / 9.706GiB,47.8kB / 45.2kB,0B / 12.3kB[K
user-service,0.23%,30.02MiB / 9.706GiB,40.8kB / 5.06kB,0B / 213kB[K
auth-service,0.24%,30MiB / 9.706GiB,4.66kB / 5.25kB,0B / 213kB[K
[K
[J[Hgateway,0.00%,2.746MiB / 9.706GiB,47.8kB / 45.2kB,0B / 12.3kB[K
user-service,0.23%,30.02MiB / 9.706GiB,40.8kB / 5.06kB,0B / 213kB[K
auth-service,0.24%,30MiB / 9.706GiB,4.66kB / 5.25kB,0B / 213kB[K
[K
[J[Hgateway,0.00%,2.746MiB / 9.706GiB,47.8kB / 45.2kB,0B / 12.3kB[K
user-service,0.24%,30.02MiB / 9.706GiB,40.8kB / 5.06kB,0B / 213kB[K
auth-service,0.24%,30MiB / 9.706GiB,4.66kB / 5.25kB,0B / 213kB[K
[K
[J[Hgateway,0.00%,2.746MiB / 9.706GiB,47.8kB / 45.2kB,0B / 12.3kB[K
user-service,0.24%,30.02MiB / 9.706GiB,40.8kB / 5.06kB,0B / 213kB[K
auth-service,0.24%,30MiB / 9.706GiB,4.66kB / 5.25kB,0B / 213kB[K
[K
[J[Hgateway,0.00%,2.746MiB / 9.706GiB,47.8kB / 45.2kB,0B / 12.3kB[K
user-service,0.23%,30.02MiB / 9.706GiB,40.8kB / 5.06kB,0B / 213kB[K
auth-service,0.25%,30MiB / 9.706GiB,4.66kB / 5.25kB,0B / 213kB[K
[K
[J[Hgateway,0.00%,2.746MiB / 9.706GiB,47.8kB / 45.2kB,0B / 12.3kB[K
user-service,0.23%,30.02MiB / 9.706GiB,40.8kB / 5.06kB,0B / 213kB[K
auth-service,0.25%,30MiB / 9.706GiB,4.66kB / 5.25kB,0B / 213kB[K
[K
[J[Hgateway,0.00%,2.746MiB / 9.706GiB,47.8kB / 45.2kB,0B / 12.3kB[K
user-service,0.24%,30.02MiB / 9.706GiB,40.8kB / 5.06kB,0B / 213kB[K
auth-service,0.23%,30MiB / 9.706GiB,4.66kB / 5.25kB,0B / 213kB[K
[K
[J[Hgateway,0.00%,2.746MiB / 9.706GiB,47.8kB / 45.2kB,0B / 12.3kB[K
user-service,0.24%,30.02MiB / 9.706GiB,40.8kB / 5.06kB,0B / 213kB[K
auth-service,0.23%,30MiB / 9.706GiB,4.66kB / 5.25kB,0B / 213kB[K
[K
[J[Hgateway,0.00%,2.746MiB / 9.706GiB,47.8kB / 45.2kB,0B / 12.3kB[K
user-service,0.25%,30.02MiB / 9.706GiB,40.8kB / 5.06kB,0B / 213kB[K
auth-service,0.23%,30MiB / 9.706GiB,4.73kB / 5.25kB,0B / 213kB[K
[K
[J[Hgateway,0.00%,2.746MiB / 9.706GiB,47.8kB / 45.2kB,0B / 12.3kB[K
user-service,0.25%,30.02MiB / 9.706GiB,40.8kB / 5.06kB,0B / 213kB[K
auth-service,0.23%,30MiB / 9.706GiB,4.73kB / 5.25kB,0B / 213kB[K
[K
[J[Hgateway,0.00%,2.746MiB / 9.706GiB,47.8kB / 45.2kB,0B / 12.3kB[K
user-service,0.23%,30.02MiB / 9.706GiB,40.8kB / 5.06kB,0B / 213kB[K
auth-service,0.26%,30MiB / 9.706GiB,4.73kB / 5.25kB,0B / 213kB[K
[K
[J[Hgateway,0.00%,2.746MiB / 9.706GiB,47.8kB / 45.2kB,0B / 12.3kB[K
user-service,0.23%,30.02MiB / 9.706GiB,40.8kB / 5.06kB,0B / 213kB[K
auth-service,0.26%,30MiB / 9.706GiB,4.73kB / 5.25kB,0B / 213kB[K
[K
[J[Hgateway,0.00%,2.746MiB / 9.706GiB,47.8kB / 45.2kB,0B / 12.3kB[K
user-service,0.30%,30.02MiB / 9.706GiB,40.8kB / 5.06kB,0B / 213kB[K
auth-service,0.25%,30MiB / 9.706GiB,4.73kB / 5.25kB,0B / 213kB[K
[K
[J[Hgateway,0.00%,2.746MiB / 9.706GiB,47.8kB / 45.2kB,0B / 12.3kB[K
user-service,0.30%,30.02MiB / 9.706GiB,40.8kB / 5.06kB,0B / 213kB[K
auth-service,0.25%,30MiB / 9.706GiB,4.73kB / 5.25kB,0B / 213kB[K
[K
[J[Hgateway,0.00%,2.746MiB / 9.706GiB,47.9kB / 45.2kB,0B / 12.3kB[K
user-service,0.27%,30.02MiB / 9.706GiB,40.8kB / 5.06kB,0B / 213kB[K
auth-service,0.25%,30MiB / 9.706GiB,4.8kB / 5.32kB,0B / 213kB[K
[K
[J[Hgateway,0.00%,2.746MiB / 9.706GiB,47.9kB / 45.2kB,0B / 12.3kB[K
user-service,0.27%,30.02MiB / 9.706GiB,40.8kB / 5.06kB,0B / 213kB[K
auth-service,0.25%,30MiB / 9.706GiB,4.8kB / 5.32kB,0B / 213kB[K
[K
[J[Hgateway,0.00%,2.746MiB / 9.706GiB,48kB / 45.2kB,0B / 12.3kB[K
user-service,0.24%,30.02MiB / 9.706GiB,41kB / 5.13kB,0B / 213kB[K
auth-service,0.28%,30MiB / 9.706GiB,4.94kB / 5.32kB,0B / 213kB[K
[K
[J[Hgateway,0.00%,2.746MiB / 9.706GiB,48kB / 45.2kB,0B / 12.3kB[K
user-service,0.24%,30.02MiB / 9.706GiB,41kB / 5.13kB,0B / 213kB[K
auth-service,0.28%,30MiB / 9.706GiB,4.94kB / 5.32kB,0B / 213kB[K
[K
[J[Hgateway,0.00%,2.746MiB / 9.706GiB,48kB / 45.2kB,0B / 12.3kB[K
user-service,0.27%,30.02MiB / 9.706GiB,41kB / 5.13kB,0B / 213kB[K
auth-service,0.26%,30MiB / 9.706GiB,4.94kB / 5.32kB,0B / 213kB[K
[K
[J[Hgateway,0.00%,2.746MiB / 9.706GiB,48kB / 45.2kB,0B / 12.3kB[K
user-service,0.27%,30.02MiB / 9.706GiB,41kB / 5.13kB,0B / 213kB[K
auth-service,0.26%,30MiB / 9.706GiB,4.94kB / 5.32kB,0B / 213kB[K
[K
[J[Hgateway,0.00%,2.746MiB / 9.706GiB,48kB / 45.2kB,0B / 12.3kB[K
user-service,0.26%,30.02MiB / 9.706GiB,41kB / 5.13kB,0B / 213kB[K
auth-service,0.27%,30MiB / 9.706GiB,4.94kB / 5.32kB,0B / 213kB[K
[K
[J[Huser-service,0.26%,30.02MiB / 9.706GiB,41kB / 5.13kB,0B / 213kB[K
auth-service,0.27%,30MiB / 9.706GiB,4.94kB / 5.32kB,0B / 213kB[K
[K
[J[H[K
[J[H[K
[J[H[K
[J[H[K
[J[H[K
[J[H[K
[J[H[K
[J[H[K
[J[H[K
[J[H[K
[J[H[K
[J[H[K
[J[H[K
[J[H[K
[J[H[K
[J[H[K
[J[H[K
[J[H[K
[J[H[K
[J[H[K
[J[H[K
[J[H[K
[J[H[K
[J[H[K
[J[H[K
[J[H[K
[J[H[K
[J[H[K
[J[H[K
[J[H[K
[J[H[K
[J[H[K
[J[H[K
[J[H[K
[J[H[K
[J[H[K
[J[H[K
[J[H[K
[J[H[K
[J[H[K
[J[H[K
[J[H[K
[J[H[K
[J[H[K
[J[H[K
[J[H[K
[J[H[K
[J[H[K
[J[H[K
[J[H[K
[J[H[K
[J[H[K
[J[H[K
[J[H[K
[J[H[K
[J[H[K
[J[H[K
[J[H[K
[J[H[K
[J[H[K
[J[H[K
[J[H[K
[J[H[K
[J[H[K
[J[H[K
[J[H[K
[J[H[K
[J[H[K
[J[H[K
[J[H[K
[J[H[K
[J[H[K
[J[H[K
[J[H[K
[J[H[K
[J[H[K
[J[H[K
[J[H[K
[J[H[K
[J[H[K
[J[H[K
[J[H[K
[J[H[K
[J[H[K
[J[H[K
[J[H[K
[J[H[K
[J[H[K
[J[H[K
[J[H[K
[J[H[K
[J[H[K
[J[H[K
[J[H[K
[J[H[K
[J[H[K
[J[H[K
[J[H[K
[J[H[K
[J[H[K
[J[H[K
[J[H[K
[J[H[K
[J[H[K
[J[H[K
[J[H[K
[J[H[K
[J[H[K
[J[H[K
[J[H[K
[J[H[K
[J[H[K
[J[H[K
[J[H[K
[J[H[K
[J[H[K
[J[H[K
[J[H[K
[J[H[K
[J[H[K
[J[H[K
[J[H[K
[J[H[K
[J[H[K
[J[H[K
[J[H[K
[J[H[K
[J[H[K
[J[H[K
[J[H[K
[J[H[K
[J[H[K
[J[H[K
[J[H[K
[J[H[K
[J[H[K
[J[H[K
[J[H[K
[J[H[K
[J[H[K
[J[H[K
[J[H[K
[J[H[K
[J[H[K
[J[H[K
[J[H[K
[J[H[K
[J[H[K
[J[H[K
[J[H[K
[J[H[K
[J[H[K
[J[H[K
[J[H[K
[J[H[K
[J[H[K
[J[H[K
[J[H[K
[J[H[K
[J[H[K
[J[H[K
[J[H[K
[J[H[K
[J[H[K
[J[H[K
[J[H[K
[J[H[K
[J[H[K
[J[H[K
[J[H[K
[J[H[K
[J[H[K
[J[H[K
[J[H[K
[J[H[K
[J[H[K
[J[H[K
[J[H[K
[J[H[K
[J[H[K
[J[H[K
[J[H[K
[J[H[K
[J[H[K
[J[H[K
[J[H[K
[J[H[K
[J[H[K
[J[H[K
[J[H[K
[J[H[K
[J[H[K
[J[H[K
[J[H[K
[J[H[K
[J[H[K
[J[H[K
[J[H[K
[J[H[K
[J[H[K
[J[H[K
[J[H[K
[J[H[K
[J[H[K
[J[H[K
[J[H[K
[J[H[K
[J[H[K
[J[H[K
[J[H[K
[J[H[K
[J[H[K
[J[H[K
[J[H[K
[J[H[K
[J[H[K
[J[H[K
[J[H[K
[J[H[K
[J[H[K
[J[H[K
[J[H[K
[J[H[K
[J[H[K
[J[H[K
[J[H[K
[J[H[K
[J[H[K
[J[H[K
[J[H[K
[J[H[K
[J[H[K
[J[H[K
[J[H[K
[J[H[K
[J[H[K
[J[H[K
[J[H[K
[J[H[K
[J[H[K
[J[H[K
[J[H[K
[J[H[K
[J[H[K
[J[H[K
[J[H[K
[J[H[K
[J[H[K
[J[H[K
[J[H[K
[J[H[K
[J[H[K
[J[H[K
[J[H[K
[J[H[K
[J[H[K
[J[H[K
[J[H[K
[J[H[K
[J[H[K
[J[H[K
[J[H[K
[J[H[K
[J[H[K
[J[H[K
[J[H[K
[J[H[K
[J[H[K
[J[H[K
[J[H[K
[J[H[K
[J[H[K
[J[H[K
[J[H[K
[J[H[K
[J[H[K
[J[H[K
[J[H[K
[J[H[K
[J[H[K
[J[H[K
[J[H[K
[J[H[K
[J[H[K
[J[H[K
[J[H[K
[J[H[K
[J[H[K
[J[H[K
[J[H[K
[J[H[K
[J[H[K
[J[H[K
[J[H[K
[J[H[K
[J[H[K
[J[H[K
[J[H[K
[J[H[K
[J[H[K
[J[H[K
[J[H[K
[J[H[K
[J[H[K
[J[H[K
[J[H[K
[J[H[K
[J[H[K
[J[H[K
[J[H[K
[J[H[K
[J[H[K
[J[H[K
[J[H[K
[J[H[K
[J[H[K
[J[H[K
[J[H[K
[J[H[K
[J[H[K
[J[H[K
[J[H[K
[J[H[K
[J[H[K
[J[H[K
[J[H[K
[J[H[K
[J[H[K
[J[H[K
[J[H[K
[J[H[K
[J[H[K
[J[H[K
[J[H[K
[J[H[K
[J[H[K
[J[H[K
[J[H[K
[J[H[K
[J[H[K
[J[H[K
[J[H[K
[J[H[K
[J[H[K
[J[H[K
[J[H[K
[J[H[K
[J[H[K
[J[H[K
[J[H[K
[J[H[K
[J[H[K
[J[H[K
[J[H[K
[J[H[K
[J[H[K
[J[H[K
[J[H[K
[J[H[K
[J[H[K
[J[H[K
[J[H[K
[J[H[K
[J[H[K
[J[H[K
[J[H[K
[J[H[K
[J[H[K
[J[H[K
[J[H[K
[J[H[K
[J[H[K
[J[H[K
[J[H[K
[J[H[K
[J[H[K
[J[H[K
[J[H[K
[J[H[K
[J[H[K
[J[H[K
[J[H[K
[J[H[K
[J[H[K
[J[H[K
[J[H[K
[J[H[K
[J[H[K
[J[H[K
[J[H[K
[J[H[K
[J[H[K
[J[H[K
[J[H[K
[J[H[K
[J[H[K
[J[H[K
[J[H[K
[J[H[K
[J[H[K
[J[H[K
[J[H[K
[J[H[K
[J[H[K
[J[H[K
[J[H[K
[J[H[K
[J[H[K
[J[H[K
[J[H[K
[J[H[K
[J[H[K
[J[H[K
[J[H[K
[J[H[K
[J[H[K
[J[H[K
[J[H[K
[J[H[K
[J[H[K
[J[H[K
[J[H[K
[J[H[K
[J[H[K
[J[H[K
[J[H[K
[J[H[K
[J[H[K
[J[H[K
[J[H[K
[J[H[K
[J[H[K
[J[H[K
[J[H[K
[J[H[K
[J[H[K
[J[H[K
[J[H[K
[J[H[K
[J[H[K
[J[H[K
[J[H[K
[J[H[K
[J[H[K
[J[H[K
[J[H[K
[J[H[K
[J[H[K
[J[H[K
[J[H[K
[J[H[K
[J[H[K
[J[H[K
[J[H[K
[J[H[K
[J[H[K
[J[H[K
[J[H[K
[J[H[K
[J[H[K
[J[H[K
[J[H[K
[J[H[K
[J[H[K
[J[H[K
[J[H[K
[J[H[K
[J[H[K
[J[H[K
[J[H[K
[J[H[K
[J[H[K
[J[H[K
[J[H[K
[J[H[K
[J[H[K
[J[H[K
[J[H[K
[J[H[K
[J[H[K
[J[H[K
[J[H[K
[J[H[K
[J[H[K
[J[H[K
[J[H[K
[J[H[K
[J[H[K
[J[H[K
[J[H[K
[J[H[K
[J[H[K
[J[H[K
[J[H[K
[J[H[K
[J[H[K
[J[H[K
[J[H[K
[J[H[K
[J[H[K
[J[H[K
[J[H[K
[J[H[K
[J[H[K
[J[H[K
[J[H[K
[J[H[K
[J[H[K
[J[H[K
[J[H[K
[J[H[K
[J[H[K
[J[H[K
[J[H[K
[J[H[K
[J[H[K
[J[H[K
[J[H[K
[J[H[K
[J[H[K
[J[H[K
[J[H[K
[J[H[K
[J[H[K
[J[H[K
[J[H[K
[J[H[K
[J